epsilon,points,run,sweep,zeroed,learned_r_u,learned_r_v,learned_slope_u,learned_slope_v,target_r_u,target_r_v,target_slope_u,target_slope_v
0.1,15,/hpc/home/nsmyers1/projects/kinetic_binns/development/noise/26_constant_og_fourier/du_0.01_dv_1.0_a_1.0_b_1.0_k_0.01/binn_eql_batch_50000_l0_2_perEq_epsilon_0.1_points_15_duplicates_3_fs_1.0_fm_64_wd_0.001_lr_constant_repeat_1,26_constant_og_fourier,False,0.8365166963586536,0.8365166963586536,0.4127397784106064,0.4127397784106064,0.765672472015576,0.5302284395824138,0.5716439095532064,0.47552259053093
0.1,15,/hpc/home/nsmyers1/projects/kinetic_binns/development/noise/26_constant_og_fourier/du_0.01_dv_1.0_a_1.0_b_1.0_k_0.01/binn_eql_batch_50000_l0_2_perEq_epsilon_0.1_points_15_duplicates_3_fs_1.0_fm_64_wd_0.001_lr_constant_repeat_2,26_constant_og_fourier,False,0.9221979786905524,0.9221979786905524,0.5057317833957735,0.5057317833957735,0.6762899015658034,0.5057907314847249,0.6222427506480419,0.5416197234549542
0.1,25,/hpc/home/nsmyers1/projects/kinetic_binns/development/noise/26_constant_og_fourier/du_0.01_dv_1.0_a_1.0_b_1.0_k_0.01/binn_eql_batch_50000_l0_2_perEq_epsilon_0.1_points_25_duplicates_3_fs_1.0_fm_64_wd_0.001_lr_constant_repeat_1,26_constant_og_fourier,False,0.9910099441201174,0.9910099441201174,0.8631255127709204,0.8631255127709204,0.7699695296387973,0.6018736361821426,0.8683018717023601,0.855881924563165
0.1,25,/hpc/home/nsmyers1/projects/kinetic_binns/development/noise/26_constant_og_fourier/du_0.01_dv_1.0_a_1.0_b_1.0_k_0.01/binn_eql_batch_50000_l0_2_perEq_epsilon_0.1_points_25_duplicates_3_fs_1.0_fm_64_wd_0.001_lr_constant_repeat_2,26_constant_og_fourier,False,0.9734560154989721,0.9734560154989721,0.8649808962477505,0.8649808962477505,0.8335937819309666,0.7071473302332264,0.8975246609039571,0.9166217999623988
0.1,50,/hpc/home/nsmyers1/projects/kinetic_binns/development/noise/26_constant_og_fourier/du_0.01_dv_1.0_a_1.0_b_1.0_k_0.01/binn_eql_batch_50000_l0_2_perEq_epsilon_0.1_points_50_duplicates_3_fs_1.0_fm_64_wd_0.001_lr_constant_repeat_1,26_constant_og_fourier,False,0.9880057677364165,0.9880057677364165,0.8722632563874283,0.8722632563874283,0.9520527659591405,0.7814625010033517,0.9682665678085585,0.957300964230614
0.1,50,/hpc/home/nsmyers1/projects/kinetic_binns/development/noise/26_constant_og_fourier/du_0.01_dv_1.0_a_1.0_b_1.0_k_0.01/binn_eql_batch_50000_l0_2_perEq_epsilon_0.1_points_50_duplicates_3_fs_1.0_fm_64_wd_0.001_lr_constant_repeat_2,26_constant_og_fourier,True,nan,nan,0.0,0.0,0.9531837284269911,0.8436430962097384,0.921590263427087,0.8742763390778678
0.2,15,/hpc/home/nsmyers1/projects/kinetic_binns/development/noise/26_constant_og_fourier/du_0.01_dv_1.0_a_1.0_b_1.0_k_0.01/binn_eql_batch_50000_l0_2_perEq_epsilon_0.2_points_15_duplicates_3_fs_1.0_fm_64_wd_0.001_lr_constant_repeat_1,26_constant_og_fourier,False,0.7757713585500629,0.7757713585500629,0.5031288527728796,0.5031288527728796,0.6603728649528096,0.43008372188906874,0.6854065397664486,0.6014405857399003
0.2,15,/hpc/home/nsmyers1/projects/kinetic_binns/development/noise/26_constant_og_fourier/du_0.01_dv_1.0_a_1.0_b_1.0_k_0.01/binn_eql_batch_50000_l0_2_perEq_epsilon_0.2_points_15_duplicates_3_fs_1.0_fm_64_wd_0.001_lr_constant_repeat_2,26_constant_og_fourier,False,0.894379458950068,0.894379458950068,0.4968610915466361,0.4968610915466361,0.7143662815891844,0.3736354524674113,0.6268179358936861,0.47888824081861425
0.2,25,/hpc/home/nsmyers1/projects/kinetic_binns/development/noise/26_constant_og_fourier/du_0.01_dv_1.0_a_1.0_b_1.0_k_0.01/binn_eql_batch_50000_l0_2_perEq_epsilon_0.2_points_25_duplicates_3_fs_1.0_fm_64_wd_0.001_lr_constant_repeat_1,26_constant_og_fourier,False,0.929742807360779,0.929742807360779,0.5600500570138189,0.5600500570138189,0.7991053209871879,0.5559185436552988,0.7553613131688602,0.6337574993876236
0.2,25,/hpc/home/nsmyers1/projects/kinetic_binns/development/noise/26_constant_og_fourier/du_0.01_dv_1.0_a_1.0_b_1.0_k_0.01/binn_eql_batch_50000_l0_2_perEq_epsilon_0.2_points_25_duplicates_3_fs_1.0_fm_64_wd_0.001_lr_constant_repeat_2,26_constant_og_fourier,False,0.8194168524975339,0.8194168524975339,0.8128629742479964,0.8128629742479964,0.7530512512141422,0.6009769740642258,0.9748019484373903,0.9911986491196445
0.2,50,/hpc/home/nsmyers1/projects/kinetic_binns/development/noise/26_constant_og_fourier/du_0.01_dv_1.0_a_1.0_b_1.0_k_0.01/binn_eql_batch_50000_l0_2_perEq_epsilon_0.2_points_50_duplicates_3_fs_1.0_fm_64_wd_0.001_lr_constant_repeat_1,26_constant_og_fourier,False,0.7562312427558495,0.7562312427558495,0.8262551069751276,0.8262551069751276,0.9124490525572251,0.6846186545783592,0.9393815831060129,0.941715264583706
0.2,50,/hpc/home/nsmyers1/projects/kinetic_binns/development/noise/26_constant_og_fourier/du_0.01_dv_1.0_a_1.0_b_1.0_k_0.01/binn_eql_batch_50000_l0_2_perEq_epsilon_0.2_points_50_duplicates_3_fs_1.0_fm_64_wd_0.001_lr_constant_repeat_2,26_constant_og_fourier,False,0.9441694003247102,0.9441694003247102,0.6847165404215315,0.6847165404215315,0.9282542438277329,0.8122097319253613,0.8934223080725311,0.8846258282068599
0,15,/hpc/home/nsmyers1/projects/kinetic_binns/development/noise/26_constant_og_fourier/du_0.01_dv_1.0_a_1.0_b_1.0_k_0.01/binn_eql_batch_50000_l0_2_perEq_points_15_duplicates_3_fs_1.0_fm_64_wd_0.001_lr_constant_repeat_1,26_constant_og_fourier,False,0.7523695343633259,0.7523695343633259,5.702381517479278,5.702381517479278,0.6377465815647873,0.6449420844164561,0.6146999513164301,0.5305480184191985
0,15,/hpc/home/nsmyers1/projects/kinetic_binns/development/noise/26_constant_og_fourier/du_0.01_dv_1.0_a_1.0_b_1.0_k_0.01/binn_eql_batch_50000_l0_2_perEq_points_15_duplicates_3_fs_1.0_fm_64_wd_0.001_lr_constant_repeat_2,26_constant_og_fourier,False,0.8312964342039362,0.8312964342039362,0.4265891516274025,0.4265891516274025,0.6693572052601376,0.6716848453342035,0.6247794397165533,0.5859390775378828
0,25,/hpc/home/nsmyers1/projects/kinetic_binns/development/noise/26_constant_og_fourier/du_0.01_dv_1.0_a_1.0_b_1.0_k_0.01/binn_eql_batch_50000_l0_2_perEq_points_25_duplicates_3_fs_1.0_fm_64_wd_0.001_lr_constant_repeat_1,26_constant_og_fourier,False,0.9779674282270154,0.9779674282270154,0.9006228051262575,0.9006228051262575,0.6207947308476923,0.6247175960442657,1.0989514413558876,1.1336528125813594
0,25,/hpc/home/nsmyers1/projects/kinetic_binns/development/noise/26_constant_og_fourier/du_0.01_dv_1.0_a_1.0_b_1.0_k_0.01/binn_eql_batch_50000_l0_2_perEq_points_25_duplicates_3_fs_1.0_fm_64_wd_0.001_lr_constant_repeat_2,26_constant_og_fourier,False,0.9833731861756859,0.9833731861756859,0.9627396096294581,0.9627396096294581,0.6032051768780029,0.6237605770134746,1.17444169940963,1.1777484293471692
0,50,/hpc/home/nsmyers1/projects/kinetic_binns/development/noise/26_constant_og_fourier/du_0.01_dv_1.0_a_1.0_b_1.0_k_0.01/binn_eql_batch_50000_l0_2_perEq_points_50_duplicates_3_fs_1.0_fm_64_wd_0.001_lr_constant_repeat_1,26_constant_og_fourier,False,0.9969421966793162,0.9969421966793162,0.8866444369901517,0.8866444369901517,0.9929981589203246,0.9823754539838316,0.9865594564296163,0.9817333831566489
0,50,/hpc/home/nsmyers1/projects/kinetic_binns/development/noise/26_constant_og_fourier/du_0.01_dv_1.0_a_1.0_b_1.0_k_0.01/binn_eql_batch_50000_l0_2_perEq_points_50_duplicates_3_fs_1.0_fm_64_wd_0.001_lr_constant_repeat_2,26_constant_og_fourier,False,0.9996521128840368,0.9996521128840368,0.9648652191891713,0.9648652191891713,0.9932451144143857,0.9836458308674252,0.9914981402159463,0.9898436488427298
